Mokslevio_nr,Lytis,Megstamiausias_uzkandis
1,M,sokoladas
2,M,sokoladas
3,M,sokoladas
4,M,sokoladas
5,M,sokoladas
6,M,sokoladas
7,M,sokoladas
8,M,sokoladas
9,M,sokoladas
10,M,sokoladas
11,M,sokoladas
12,M,sokoladas
13,M,traskuciai
14,M,traskuciai
15,M,traskuciai
16,V,traskuciai
17,V,traskuciai
18,V,traskuciai
19,V,traskuciai
20,V,traskuciai
21,V,traskuciai
22,V,traskuciai
23,V,traskuciai
24,V,traskuciai
25,V,traskuciai
26,V,traskuciai
27,V,sokoladas
28,V,sokoladas
29,V,sokoladas
30,V,sokoladas
